id,county_name,region_code,county_code,district_code,extra_code,district_type,name,base_zip_code,enabled
0100100100000,Adams,01,001,001,0,26,Payson CUSD 1,62360,0
0100100200000,Adams,01,001,002,0,26,Liberty CUSD 2,62347,0
0100100300000,Adams,01,001,003,0,26,Central CUSD 3,62320,0
0100100400000,Adams,01,001,004,0,26,CUSD 4,62351,0
0100117200000,Adams,01,001,172,0,22,Quincy SD 172,62301,0
0100500100000,Brown,01,005,001,0,26,Brown County CUSD 1,62353,0
0100901500000,Cass,01,009,015,0,26,Beardstown CUSD 15,62618,0
0100906400000,Cass,01,009,064,0,26,Virginia CUSD 64,62691,0
0100926200000,Cass,01,009,262,0,26,A-C Central CUSD 262,62612,0
0106900100000,Morgan,01,069,001,0,26,Franklin CUSD 1,62638,0
0106900600000,Morgan,01,069,006,0,26,Waverly CUSD 6,62692,0
0106901100000,Morgan,01,069,011,0,26,Meredosia-Chambersburg CUSD 11,62665,0
0106902700000,Morgan,01,069,027,0,26,Triopia CUSD 27,62631,0
0106911700000,Morgan,01,069,117,0,22,Jacksonville SD 117,62650,0
0107500300000,Pike,01,075,003,0,26,Pleasant Hill CUSD 3,62366,0
0107500400000,Pike,01,075,004,0,26,Griggsville-Perry CUSD 4,62340,0
0107501000000,Pike,01,075,010,0,26,Pikeland CUSD 10,62363,0
0107501200000,Pike,01,075,012,0,26,Western CUSD 12,62312,0
0108600100000,Scott,01,086,001,0,26,Winchester CUSD 1,62694,0
0108600200000,Scott,01,086,002,0,26,Scott-Morgan CUSD 2,62621,0
0300300100000,Bond,03,003,001,0,26,Mulberry Grove CUSD 1,62262,0
0300300200000,Bond,03,003,002,0,26,Bond County CUSD 2,62246,0
0301100100000,Christian,03,011,001,0,26,Morrisonville CUSD 1,62546,0
0301100300000,Christian,03,011,003,0,26,Taylorville CUSD 3,62568,0
0301100400000,Christian,03,011,004,0,26,Edinburg CUSD 4,62531,0
0301100800000,Christian,03,011,008,0,26,Pana CUSD 8,62557,0
0301101400000,Christian,03,011,014,0,24,South Fork SD 14,62540,0
0302501000000,Effingham,03,025,010,0,26,Altamont CUSD 10,62411,0
0302502000000,Effingham,03,025,020,0,26,Beecher City CUSD 20,62414,0
0302503000000,Effingham,03,025,030,0,26,Dieterich CUSD 30,62424,0
0302504000000,Effingham,03,025,040,0,26,Effingham CUSD 40,62401,0
0302505000000,Effingham,03,025,050,0,26,Teutopolis CUSD 50,62467,0
0302620100000,Fayette,03,026,201,0,26,Brownstown CUSD 201,62418,0
0302620200000,Fayette,03,026,202,0,26,St Elmo CUSD 202,62458,0
0302620300000,Fayette,03,026,203,0,26,Vandalia CUSD 203,62471,0
0302620400000,Fayette,03,026,204,0,26,Ramsey CUSD 204,62080,0
0306800200000,Montgomery,03,068,002,0,26,Panhandle CUSD 2,62560,0
0306800300000,Montgomery,03,068,003,0,26,Hillsboro CUSD 3,62049,0
0306801200000,Montgomery,03,068,012,0,26,Litchfield CUSD 12,62056,0
0306802200000,Montgomery,03,068,022,0,26,Nokomis CUSD 22,62075,0
0400410000000,Boone,04,004,100,0,26,Belvidere CUSD 100,61008,0
0400420000000,Boone,04,004,200,0,26,North Boone CUSD 200,61065,0
0410112200000,Winnebago,04,101,122,0,22,Harlem UD 122,61115,0
0410113100000,Winnebago,04,101,131,0,4,Kinnikinnick CCSD 131,61073,0
0410113300000,Winnebago,04,101,133,0,4,Prairie Hill CCSD 133,61080,0
0410113400000,Winnebago,04,101,134,0,4,Shirland CCSD 134,61079,0
0410114000000,Winnebago,04,101,140,0,4,Rockton SD 140,61072,0
0410120500000,Winnebago,04,101,205,0,25,Rockford SD 205,61104,0
0410120700000,Winnebago,04,101,207,0,16,Hononegah CHD 207,61072,0
0410132000000,Winnebago,04,101,320,0,26,County of Winnebago SD 320,61080,0
0410132100000,Winnebago,04,101,321,0,26,Pecatonica CUSD 321,61063,0
0410132200000,Winnebago,04,101,322,0,26,Durand CUSD 322,61024,0
0410132300000,Winnebago,04,101,323,0,26,Winnebago CUSD 323,61088,0
0501601500000,Cook,05,016,015,0,4,Palatine CCSD 15,60067,0
0501602100000,Cook,05,016,021,0,4,Wheeling CCSD 21,60090,0
0501602300000,Cook,05,016,023,0,2,Prospect Heights SD 23,60070,0
0501602500000,Cook,05,016,025,0,2,Arlington Heights SD 25,60005,0
0501602600000,Cook,05,016,026,0,2,River Trails SD 26,60056,0
0501602700000,Cook,05,016,027,0,2,Northbrook ESD 27,60062,0
0501602800000,Cook,05,016,028,0,2,Northbrook SD 28,60062,0
0501602900000,Cook,05,016,029,0,2,Sunset Ridge SD 29,60093,0
0501603000000,Cook,05,016,030,0,2,Northbrook/Glenview SD 30,60062,0
0501603100000,Cook,05,016,031,0,2,West Northfield SD 31,60062,0
0501603400000,Cook,05,016,034,0,4,Glenview CCSD 34,60026,0
0501603500000,Cook,05,016,035,0,2,Glencoe SD 35,60022,0
0501603600000,Cook,05,016,036,0,2,Winnetka SD 36,60093,0
0501603700000,Cook,05,016,037,0,2,Avoca SD 37,60091,0
0501603800000,Cook,05,016,038,0,2,Kenilworth SD 38,60043,0
0501603900000,Cook,05,016,039,0,2,Wilmette SD 39,60091,0
0501605400000,Cook,05,016,054,0,4,Schaumburg CCSD 54,60194,0
0501605700000,Cook,05,016,057,0,2,Mount Prospect SD 57,60056,0
0501605900000,Cook,05,016,059,0,4,Comm Cons SD 59,60007,0
0501606200000,Cook,05,016,062,0,4,CCSD 62,60016,0
0501606300000,Cook,05,016,063,0,2,East Maine SD 63,60016,0
0501606400000,Cook,05,016,064,0,4,Park Ridge CCSD 64,60068,0
0501606500000,Cook,05,016,065,0,4,Evanston CCSD 65,60201,0
0501606700000,Cook,05,016,067,0,2,Golf ESD 67,60053,0
0501606800000,Cook,05,016,068,0,2,Skokie SD 68,60076,0
0501606900000,Cook,05,016,069,0,2,Skokie SD 69,60077,0
0501607000000,Cook,05,016,070,0,2,Morton Grove SD 70,60053,0
0501607100000,Cook,05,016,071,0,2,Niles ESD 71,60714,0
0501607200000,Cook,05,016,072,0,2,Fairview SD 72,60077,0
0501607300000,Cook,05,016,073,0,2,East Prairie SD 73,60076,0
0501607350000,Cook,05,016,073,5,2,Skokie SD 73-5,60076,0
0501607400000,Cook,05,016,074,0,2,Lincolnwood SD 74,60712,0
0501620200000,Cook,05,016,202,0,17,Evanston Twp HSD 202,60201,1
0501620300000,Cook,05,016,203,0,17,New Trier Twp HSD 203,60093,1
0501620700000,Cook,05,016,207,0,17,Maine Township HSD 207,60068,1
0501621100000,Cook,05,016,211,0,17,Township HSD 211,60067,1
0501621400000,Cook,05,016,214,0,17,Township HSD 214,60005,1
0501621900000,Cook,05,016,219,0,17,Niles Twp HSD 219,60077,1
0501622500000,Cook,05,016,225,0,17,Northfield Twp HSD 225,60026,1
0601607800000,Cook,06,016,078,0,2,Rosemont ESD 78,60018,0
0601607900000,Cook,06,016,079,0,2,Pennoyer SD 79,60706,0
0601608000000,Cook,06,016,080,0,2,Norridge SD 80,60706,0
0601608100000,Cook,06,016,081,0,2,Schiller Park SD 81,60176,0
0601608300000,Cook,06,016,083,0,2,Mannheim SD 83,60131,0
0601608400000,Cook,06,016,084,0,2,Franklin Park SD 84,60131,0
0601608450000,Cook,06,016,084,5,2,Rhodes SD 84-5,60171,0
0601608550000,Cook,06,016,085,5,2,River Grove SD 85-5,60171,0
0601608600000,Cook,06,016,086,0,2,Union Ridge SD 86,60706,0
0601608700000,Cook,06,016,087,0,2,Berkeley SD 87,60163,0
0601608800000,Cook,06,016,088,0,2,Bellwood SD 88,60104,0
0601608900000,Cook,06,016,089,0,2,Maywood-Melrose Park-Broadview 89,60160,0
0601609000000,Cook,06,016,090,0,2,River Forest SD 90,60305,0
0601609100000,Cook,06,016,091,0,2,Forest Park SD 91,60130,0
0601609200000,Cook,06,016,092,0,2,Lindop SD 92,60155,0
0601609250000,Cook,06,016,092,5,2,Westchester SD 92-5,60154,0
0601609300000,Cook,06,016,093,0,2,Hillside SD 93,60162,0
0601609400000,Cook,06,016,094,0,2,Komarek SD 94,60546,0
0601609500000,Cook,06,016,095,0,2,Brookfield Lagrange Park SD 95,60513,0
0601609600000,Cook,06,016,096,0,2,Riverside SD 96,60546,0
0601609700000,Cook,06,016,097,0,2,Oak Park ESD 97,60302,0
0601609800000,Cook,06,016,098,0,2,Berwyn North SD 98,60402,0
0601609900000,Cook,06,016,099,0,2,Cicero SD 99,60804,0
0601610000000,Cook,06,016,100,0,2,Berwyn South SD 100,60402,0
0601610100000,Cook,06,016,101,0,2,Western Springs SD 101,60558,0
0601610200000,Cook,06,016,102,0,2,La Grange SD 102,60526,0
0601610300000,Cook,06,016,103,0,2,Lyons SD 103,60534,0
0601610500000,Cook,06,016,105,0,2,La Grange SD 105 South,60525,0
0601610600000,Cook,06,016,106,0,2,LaGrange Highlands SD 106,60525,0
0601610700000,Cook,06,016,107,0,2,Pleasantdale SD 107,60527,0
0601620000000,Cook,06,016,200,0,13,Oak Park - River Forest SD 200,60302,0
0601620100000,Cook,06,016,201,0,17,J S Morton HSD 201,60804,0
0601620400000,Cook,06,016,204,0,17,Lyons Twp HSD 204,60525,0
0601620800000,Cook,06,016,208,0,17,Riverside-Brookfield Twp SD 208,60546,0
0601620900000,Cook,06,016,209,0,17,Proviso Twp HSD 209,60130,0
0601621200000,Cook,06,016,212,0,16,Leyden CHSD 212,60131,0
0601623400000,Cook,06,016,234,0,16,Ridgewood CHSD 234,60706,0
0601640100000,Cook,06,016,401,0,26,Elmwood Park CUSD 401,60707,0
0701610400000,Cook,07,016,104,0,2,Summit SD 104,60501,0
0701610800000,Cook,07,016,108,0,2,Willow Springs SD 108,60480,0
0701610900000,Cook,07,016,109,0,2,Indian Springs SD 109,60458,0
0701611000000,Cook,07,016,110,0,2,Central Stickney SD 110,60638,0
0701611100000,Cook,07,016,111,0,2,Burbank SD 111,60459,0
07016113A0000,Cook,07,016,113,A,2,Lemont-Bromberek CSD 113A,60439,0
0701611700000,Cook,07,016,117,0,2,North Palos SD 117,60465,0
0701611800000,Cook,07,016,118,0,4,Palos CCSD 118,60464,0
0701612200000,Cook,07,016,122,0,2,Ridgeland SD 122,60453,0
0701612300000,Cook,07,016,123,0,2,Oak Lawn-Hometown SD 123,60453,0
0701612400000,Cook,07,016,124,0,2,Evergreen Park ESD 124,60805,0
0701612500000,Cook,07,016,125,0,2,Atwood Heights SD 125,60803,0
0701612600000,Cook,07,016,126,0,2,Alsip-Hazlgrn-Oaklwn SD 126,60803,0
0701612700000,Cook,07,016,127,0,2,Worth SD 127,60482,0
0701612750000,Cook,07,016,127,5,2,Chicago Ridge SD 127-5,60415,0
0701612800000,Cook,07,016,128,0,2,Palos Heights SD 128,60463,0
0701613000000,Cook,07,016,130,0,2,Cook County SD 130,60406,0
0701613200000,Cook,07,016,132,0,2,Calumet Public SD 132,60827,0
0701613300000,Cook,07,016,133,0,2,Gen George Patton SD 133,60827,0
0701613500000,Cook,07,016,135,0,2,Orland SD 135,60462,0
0701614000000,Cook,07,016,140,0,2,Kirby SD 140,60477,0
0701614200000,Cook,07,016,142,0,2,Forest Ridge SD 142,60452,0
0701614300000,Cook,07,016,143,0,2,Midlothian SD 143,60445,0
0701614350000,Cook,07,016,143,5,2,Posen-Robbins ESD 143-5,60469,0
0701614400000,Cook,07,016,144,0,2,Prairie-Hills ESD 144,60428,0
0701614500000,Cook,07,016,145,0,2,Arbor Park SD 145,60452,0
0701614600000,Cook,07,016,146,0,4,CCSD 146,60477,0
0701614700000,Cook,07,016,147,0,2,W Harvey-Dixmoor PSD 147,60426,0
0701614800000,Cook,07,016,148,0,2,Dolton SD 148,60827,0
0701614900000,Cook,07,016,149,0,2,Dolton SD 149,60409,0
0701615000000,Cook,07,016,150,0,2,South Holland SD 150,60473,0
0701615100000,Cook,07,016,151,0,2,South Holland SD 151,60473,0
0701615200000,Cook,07,016,152,0,2,Harvey SD 152,60426,0
0701615250000,Cook,07,016,152,5,2,Hazel Crest SD 152-5,60429,0
0701615300000,Cook,07,016,153,0,2,Homewood SD 153,60430,0
0701615400000,Cook,07,016,154,0,2,Thornton SD 154,60476,0
0701615450000,Cook,07,016,154,5,2,Burnham SD 154-5,60633,0
0701615500000,Cook,07,016,155,0,2,Calumet City SD 155,60409,0
0701615600000,Cook,07,016,156,0,2,Lincoln ESD 156,60409,0
0701615700000,Cook,07,016,157,0,2,Hoover-Schrum Memorial SD 157,60409,0
0701615800000,Cook,07,016,158,0,2,Lansing SD 158,60438,0
0701615900000,Cook,07,016,159,0,2,ESD 159,60443,0
0701616000000,Cook,07,016,160,0,2,Country Club Hills SD 160,60478,0
0701616100000,Cook,07,016,161,0,2,Flossmoor SD 161,60411,0
0701616200000,Cook,07,016,162,0,2,Matteson ESD 162,60471,0
0701616300000,Cook,07,016,163,0,2,Park Forest SD 163,60466,0
0701616700000,Cook,07,016,167,0,2,Brookwood SD 167,60425,0
0701616800000,Cook,07,016,168,0,4,CCSD 168,60411,0
0701616900000,Cook,07,016,169,0,2,Ford Heights SD 169,60411,0
0701617000000,Cook,07,016,170,0,2,Chicago Heights SD 170,60411,0
0701617100000,Cook,07,016,171,0,2,Sunnybrook SD 171,60438,0
0701617200000,Cook,07,016,172,0,2,Sandridge SD 172,60411,0
0701619400000,Cook,07,016,194,0,2,Steger SD 194,60475,0
0701620500000,Cook,07,016,205,0,17,Thornton Twp HSD 205,60473,0
0701620600000,Cook,07,016,206,0,17,Bloom Twp HSD 206,60411,0
0701621000000,Cook,07,016,210,0,17,Lemont Twp HSD 210,60439,0
0701621500000,Cook,07,016,215,0,17,Thornton Fractional Twp HSD 215,60438,0
0701621700000,Cook,07,016,217,0,16,Argo CHSD 217,60501,0
0701621800000,Cook,07,016,218,0,16,CHSD 218,60453,0
0701622000000,Cook,07,016,220,0,17,Reavis Twp HSD 220,60459,0
0701622700000,Cook,07,016,227,0,17,Rich Twp HSD 227,60443,0
0701622800000,Cook,07,016,228,0,16,Bremen CHSD 228,60445,0
0701622900000,Cook,07,016,229,0,16,Oak Lawn CHSD 229,60453,0
0701623000000,Cook,07,016,230,0,13,Cons HSD 230,60462,0
0701623100000,Cook,07,016,231,0,16,Evergreen Park CHSD 231,60805,0
0701623300000,Cook,07,016,233,0,16,Homewood Flossmoor CHSD 233,60422,0
0800830800000,Carroll,08,008,308,0,26,Eastland CUSD 308,61078,0
0800831400000,Carroll,08,008,314,0,26,West Carroll CUSD 314,61053,0
0800839900000,Carroll,08,008,399,0,26,Chadwick-Milledgeville CUSD 399,61051,0
0804311900000,Jo Daviess,08,043,119,0,22,East Dubuque USD 119,61025,0
0804312000000,Jo Daviess,08,043,120,0,22,Galena USD 120,61036,0
0804320500000,Jo Daviess,08,043,205,0,26,Warren CUSD 205,61087,0
0804320600000,Jo Daviess,08,043,206,0,26,Stockton CUSD 206,61085,0
0804321000000,Jo Daviess,08,043,210,0,26,River Ridge CUSD 210,61041,0
0804321100000,Jo Daviess,08,043,211,0,26,Scales Mound CUSD 211,61075,0
0808914500000,Stephenson,08,089,145,0,22,Freeport SD 145,61032,0
0808920000000,Stephenson,08,089,200,0,26,Pearl City CUSD 200,61062,0
0808920100000,Stephenson,08,089,201,0,26,Dakota CUSD 201,61018,0
0808920200000,Stephenson,08,089,202,0,26,Lena Winslow CUSD 202,61048,0
0808920300000,Stephenson,08,089,203,0,26,Orangeville CUSD 203,61060,0
0901000100000,Champaign,09,010,001,0,26,Fisher CUSD 1,61843,0
0901000300000,Champaign,09,010,003,0,26,Mahomet-Seymour CUSD 3,61853,0
0901000400000,Champaign,09,010,004,0,26,Champaign CUSD 4,61820,0
0901000700000,Champaign,09,010,007,0,26,Tolono CUSD 7,61880,0
0901000800000,Champaign,09,010,008,0,26,Heritage CUSD 8,61849,0
0901011600000,Champaign,09,010,116,0,22,Urbana SD 116,61803,0
0901013000000,Champaign,09,010,130,0,4,Thomasboro CCSD 130,61878,0
0901013700000,Champaign,09,010,137,0,2,Rantoul City SD 137,61866,0
0901014200000,Champaign,09,010,142,0,4,Ludlow CCSD 142,60949,0
0901016900000,Champaign,09,010,169,0,4,St Joseph CCSD 169,61873,0
0901018800000,Champaign,09,010,188,0,4,Gifford CCSD 188,61847,0
0901019300000,Champaign,09,010,193,0,17,Rantoul Township HSD 193,61866,0
0901019700000,Champaign,09,010,197,0,4,Prairieview-Ogden CCSD 197,61871,0
0901030500000,Champaign,09,010,305,0,16,St Joseph Ogden CHSD 305,61873,0
0902700500000,Ford,09,027,005,0,26,Gibson City-Melvin-Sibley CUSD 5,60936,0
0902701000000,Ford,09,027,010,0,26,Paxton-Buckley-Loda CUD 10,60957,0
11012002C0000,Clark,11,012,002,C,26,Marshall CUSD 2C,62441,0
11012003C0000,Clark,11,012,003,C,26,Martinsville CUSD 3C,62442,0
11012004C0000,Clark,11,012,004,C,26,Casey-Westfield CUSD 4C,62420,0
1101500100000,Coles,11,015,001,0,26,Charleston CUSD 1,61920,0
1101500200000,Coles,11,015,002,0,26,Mattoon CUSD 2,61938,0
1101500500000,Coles,11,015,005,0,26,Oakland CUSD 5,61943,0
1101800300000,Cumberland,11,018,003,0,26,Neoga CUSD 3,62447,0
1101807700000,Cumberland,11,018,077,0,26,Cumberland CUSD 77,62468,0
1102130100000,Douglas,11,021,301,0,26,Tuscola CUSD 301,61953,0
1102130200000,Douglas,11,021,302,0,26,Villa Grove CUSD 302,61956,0
1102130500000,Douglas,11,021,305,0,26,Arthur CUSD 305,61911,0
1102130600000,Douglas,11,021,306,0,26,Arcola CUSD 306,61910,0
1102300100000,Edgar,11,023,001,0,26,Shiloh CUSD 1,61932,0
1102300300000,Edgar,11,023,003,0,26,Kansas CUSD 3,61933,0
1102300400000,Edgar,11,023,004,0,26,Paris CUSD 4,61944,0
1102300600000,Edgar,11,023,006,0,26,Edgar County CUD 6,61924,0
1102309500000,Edgar,11,023,095,0,25,Paris-Union SD 95,61944,0
1107030000000,Moultrie,11,070,300,0,26,Sullivan CUSD 300,61951,0
1107030200000,Moultrie,11,070,302,0,26,Okaw Valley CUSD 302,61914,0
1108700100000,Shelby,11,087,001,0,26,Windsor CUSD 1,61957,0
11087003A0000,Shelby,11,087,003,A,26,Cowden-Herrick CUSD 3A,62422,0
1108700400000,Shelby,11,087,004,0,26,Shelbyville CUSD 4,62565,0
11087005A0000,Shelby,11,087,005,A,26,Stewardson-Strasburg CUD 5A,62465,0
1108702100000,Shelby,11,087,021,0,26,Central A & M CUD 21,62510,0
1201301000000,Clay,12,013,010,0,26,Clay City CUSD 10,62824,0
1201302500000,Clay,12,013,025,0,26,North Clay CUSD 25,62858,0
1201303500000,Clay,12,013,035,0,26,Flora CUSD 35,62839,0
1201700100000,Crawford,12,017,001,0,26,Hutsonville CUSD 1,62433,0
1201700200000,Crawford,12,017,002,0,26,Robinson CUSD 2,62454,0
1201700300000,Crawford,12,017,003,0,26,Palestine CUSD 3,62451,0
1201700400000,Crawford,12,017,004,0,26,Oblong CUSD 4,62449,0
1204000100000,Jasper,12,040,001,0,26,Jasper County CUD 1,62448,0
1205101000000,Lawrence,12,051,010,0,26,Red Hill CUSD 10,62417,0
1205102000000,Lawrence,12,051,020,0,26,Lawrence County CUD 20,62439,0
1208000100000,Richland,12,080,001,0,26,Richland County CUSD 1,62450,0
1301400100000,Clinton,13,014,001,0,26,Carlyle CUSD 1,62231,0
1301400300000,Clinton,13,014,003,0,26,Wesclin CUSD 3,62293,0
1301401200000,Clinton,13,014,012,0,4,Breese ESD 12,62230,0
1301402100000,Clinton,13,014,021,0,2,Aviston SD 21,62216,0
1301404600000,Clinton,13,014,046,0,2,Willow Grove SD 46,62801,0
1301405700000,Clinton,13,014,057,0,2,Bartelso SD 57,62218,0
1301406000000,Clinton,13,014,060,0,2,Germantown SD 60,62245,0
1301406200000,Clinton,13,014,062,0,2,Damiansville SD 62,62215,0
1301406300000,Clinton,13,014,063,0,2,Albers SD 63,62215,0
1301407100000,Clinton,13,014,071,0,16,Central CHSD 71,62230,0
1301414150000,Clinton,13,014,141,5,2,St Rose SD 14-15,62230,0
1301418600000,Clinton,13,014,186,0,2,North Wamac SD 186,62801,0
1304100100000,Jefferson,13,041,001,0,26,Waltonville CUSD 1,62894,0
1304100200000,Jefferson,13,041,002,0,4,Rome CCSD 2,62830,0
1304100300000,Jefferson,13,041,003,0,4,Field CCSD 3,62889,0
1304100500000,Jefferson,13,041,005,0,4,Opdyke-Belle-Rive CCSD 5,62872,0
1304100600000,Jefferson,13,041,006,0,4,Grand Prairie CCSD 6,62801,0
1304101200000,Jefferson,13,041,012,0,4,McClellan CCSD 12,62864,0
1304107900000,Jefferson,13,041,079,0,2,Summersville SD 79,62864,0
1304108000000,Jefferson,13,041,080,0,2,Mount Vernon SD 80,62864,0
1304108200000,Jefferson,13,041,082,0,2,Bethel SD 82,62864,0
1304109900000,Jefferson,13,041,099,0,4,Farrington CCSD 99,62814,0
1304117800000,Jefferson,13,041,178,0,4,Spring Garden Community Consolidated School District 178,62864,0
1304120100000,Jefferson,13,041,201,0,17,Mt Vernon Twp HSD 201,62864,0
1304120900000,Jefferson,13,041,209,0,27,Woodlawn Unit School District 209,62898,0
1304131800000,Jefferson,13,041,318,0,27,Bluford Unit School District 318,62814,0
1305800100000,Marion,13,058,001,0,3,Raccoon Cons SD 1,62801,0
1305800200000,Marion,13,058,002,0,3,Kell Cons SD 2,62853,0
1305800700000,Marion,13,058,007,0,4,Iuka CCSD 7,62849,0
1305801000000,Marion,13,058,010,0,4,Selmaville CCSD 10,62881,0
1305810000000,Marion,13,058,100,0,26,Patoka CUSD 100,62875,0
1305811100000,Marion,13,058,111,0,2,Salem SD 111,62881,0
1305813300000,Marion,13,058,133,0,2,Central City SD 133,62801,0
1305813500000,Marion,13,058,135,0,2,Centralia SD 135,62801,0
1305820000000,Marion,13,058,200,0,17,Centralia HSD 200,62801,0
1305840100000,Marion,13,058,401,0,26,South Central CUD 401,62854,0
1305850100000,Marion,13,058,501,0,26,Sandoval CUSD 501,62882,0
1305860000000,Marion,13,058,600,0,16,Salem CHSD 600,62881,0
1305872200000,Marion,13,058,722,0,26,Odin PSD 722,62870,0
1309500100000,Washington,13,095,001,0,4,Oakdale CCSD 1,62268,0
1309501000000,Washington,13,095,010,0,26,West Washington Co CUD 10,62271,0
1309501100000,Washington,13,095,011,0,4,Irvington CCSD 11,62848,0
1309501500000,Washington,13,095,015,0,4,Ashley CCSD 15,62808,0
1309504900000,Washington,13,095,049,0,4,Nashville CCSD 49,62263,0
1309509900000,Washington,13,095,099,0,16,Nashville CHSD 99,62263,0
1501629900000,Cook,15,016,299,0,25,City of Chicago SD 299,60602,0
1601942400000,Dekalb,16,019,424,0,26,Genoa Kingston CUSD 424,60135,0
1601942500000,Dekalb,16,019,425,0,26,Indian Creek CUSD 425,60550,0
1601942600000,Dekalb,16,019,426,0,26,Hiawatha CUSD 426,60146,0
1601942700000,Dekalb,16,019,427,0,26,Sycamore CUSD 427,60178,0
1601942800000,Dekalb,16,019,428,0,26,DeKalb CUSD 428,60115,0
1601942900000,Dekalb,16,019,429,0,26,Hinckley Big Rock CUSD 429,60520,0
1601943000000,Dekalb,16,019,430,0,26,Sandwich CUSD 430,60548,0
1601943200000,Dekalb,16,019,432,0,26,Somonauk CUSD 432,60552,0
1702001500000,DeWitt,17,020,015,0,26,Clinton CUSD 15,61727,0
1702001800000,DeWitt,17,020,018,0,26,Blue Ridge CUSD 18,61842,0
1705300500000,Livingston,17,053,005,0,26,Woodland CUSD 5,61364,0
17053006J0000,Livingston,17,053,006,J,26,Tri Point CUSD 6-J,60946,0
1705300800000,Livingston,17,053,008,0,26,Prairie Central CUSD 8,61739,0
1705307400000,Livingston,17,053,074,0,27,Flanagan-Cornell Dist 74,61740,0
1705309000000,Livingston,17,053,090,0,17,Pontiac Twp HSD 90,61764,0
1705323000000,Livingston,17,053,230,0,17,Dwight Twp HSD 230,60420,0
1705323200000,Livingston,17,053,232,0,2,Dwight Common SD 232,60420,0
1705342500000,Livingston,17,053,425,0,4,Rooks Creek CCSD 425,61743,0
1705342600000,Livingston,17,053,426,0,4,Cornell CCSD 426,61319,0
1705342900000,Livingston,17,053,429,0,4,Pontiac CCSD 429,61764,0
1705343500000,Livingston,17,053,435,0,4,Odell CCSD 435,60460,0
1705343800000,Livingston,17,053,438,0,4,Saunemin CCSD 438,61769,0
1705402100000,Logan,17,054,021,0,26,Hartsburg Emden CUSD 21,62643,0
1705402300000,Logan,17,054,023,0,26,Mt Pulaski CUSD 23,62548,0
1705402700000,Logan,17,054,027,0,2,Lincoln ESD 27,62656,0
1705406100000,Logan,17,054,061,0,4,Chester-East Lincoln CCSD 61,62656,0
1705408800000,Logan,17,054,088,0,2,New Holland-Middletown ED 88,62666,0
1705409200000,Logan,17,054,092,0,4,West Lincoln-Broadwell ESD 92,62656,0
1705440400000,Logan,17,054,404,0,16,Lincoln CHSD 404,62656,0
1706400200000,McLean,17,064,002,0,26,LeRoy CUSD 2,61752,0
1706400300000,McLean,17,064,003,0,26,Tri Valley CUSD 3,61736,0
1706400400000,McLean,17,064,004,0,26,Heyworth CUSD 4,61745,0
1706400500000,McLean,17,064,005,0,26,McLean County USD 5,61761,0
1706400700000,McLean,17,064,007,0,26,Lexington CUSD 7,61753,0
1706401600000,McLean,17,064,016,0,26,Olympia CUSD 16,61774,0
1706401900000,McLean,17,064,019,0,26,Ridgeview CUSD 19,61728,0
1706408700000,McLean,17,064,087,0,25,Bloomington SD 87,61701,0
1902200200000,Dupage,19,022,002,0,2,Bensenville SD 2,60106,0
1902200400000,Dupage,19,022,004,0,2,Addison SD 4,60101,0
1902200700000,Dupage,19,022,007,0,2,Wood Dale SD 7,60191,0
1902201000000,Dupage,19,022,010,0,2,Itasca SD 10,60143,0
1902201100000,Dupage,19,022,011,0,2,Medinah SD 11,60172,0
1902201200000,Dupage,19,022,012,0,2,Roselle SD 12,60172,0
1902201300000,Dupage,19,022,013,0,2,Bloomingdale SD 13,60108,0
1902201500000,Dupage,19,022,015,0,2,Marquardt SD 15,60139,0
1902201600000,Dupage,19,022,016,0,2,Queen Bee SD 16,60139,0
1902202000000,Dupage,19,022,020,0,2,Keeneyville SD 20,60133,0
1902202500000,Dupage,19,022,025,0,2,Benjamin SD 25,60185,0
1902203300000,Dupage,19,022,033,0,2,West Chicago ESD 33,60185,0
1902203400000,Dupage,19,022,034,0,2,Winfield SD 34,60190,0
1902204100000,Dupage,19,022,041,0,2,Glen Ellyn SD 41,60137,0
1902204400000,Dupage,19,022,044,0,2,Lombard SD 44,60148,0
1902204500000,Dupage,19,022,045,0,2,SD 45 DuPage County,60181,0
1902204800000,Dupage,19,022,048,0,2,Salt Creek SD 48,60181,0
1902205300000,Dupage,19,022,053,0,2,Butler SD 53,60523,0
1902205800000,Dupage,19,022,058,0,2,Downers Grove GSD 58,60516,0
1902206000000,Dupage,19,022,060,0,2,Maercker SD 60,60559,0
1902206100000,Dupage,19,022,061,0,2,Darien SD 61,60561,0
1902206200000,Dupage,19,022,062,0,2,Gower SD 62,60527,0
1902206300000,Dupage,19,022,063,0,2,Cass SD 63,60561,0
1902206600000,Dupage,19,022,066,0,2,Center Cass SD 66,60516,0
1902206800000,Dupage,19,022,068,0,2,Woodridge SD 68,60517,0
1902208600000,Dupage,19,022,086,0,17,Hinsdale Twp HSD 86,60521,0
1902208700000,Dupage,19,022,087,0,17,Glenbard Twp HSD 87,60137,0
1902208800000,Dupage,19,022,088,0,16,DuPage HSD 88,60101,0
1902208900000,Dupage,19,022,089,0,4,CCSD 89,60137,0
1902209300000,Dupage,19,022,093,0,4,CCSD 93,60108,0
1902209400000,Dupage,19,022,094,0,16,CHSD 94,60185,0
1902209900000,Dupage,19,022,099,0,16,CHSD 99,60516,0
1902210000000,Dupage,19,022,100,0,16,Fenton CHSD 100,60106,0
1902210800000,Dupage,19,022,108,0,16,Lake Park CHSD 108,60172,0
1902218000000,Dupage,19,022,180,0,4,CCSD 180,60527,0
1902218100000,Dupage,19,022,181,0,4,Hinsdale CCSD 181,60514,0
1902220000000,Dupage,19,022,200,0,26,CUSD 200,60189,0
1902220100000,Dupage,19,022,201,0,26,CUSD 201,60559,0
1902220200000,Dupage,19,022,202,0,26,Lisle CUSD 202,60532,0
1902220300000,Dupage,19,022,203,0,26,Naperville CUSD 203,60540,0
1902220400000,Dupage,19,022,204,0,26,Indian Prairie CUSD 204,60504,0
1902220500000,Dupage,19,022,205,0,26,Elmhurst SD 205,60126,0
2002400100000,Edwards,20,024,001,0,26,Edwards County CUSD 1,62806,0
2003000700000,Gallatin,20,030,007,0,26,Gallatin CUSD 7,62954,0
2003301000000,Hamilton,20,033,010,0,26,Hamilton Co CUSD 10,62859,0
2003500100000,Hardin,20,035,001,0,26,Hardin County CUSD 1,62931,0
2007600100000,Pope,20,076,001,0,26,Pope Co CUD 1,62938,0
2008300100000,Saline,20,083,001,0,26,Galatia CUSD 1,62935,0
2008300200000,Saline,20,083,002,0,26,Carrier Mills-Stonefort CUSD 2,62917,0
2008300300000,Saline,20,083,003,0,26,Harrisburg CUSD 3,62946,0
2008300400000,Saline,20,083,004,0,26,Eldorado CUSD 4,62930,0
2009301700000,Wabash,20,093,017,0,24,Allendale CCSD 17,62410,0
2009334800000,Wabash,20,093,348,0,26,Wabash CUSD 348,62863,0
2009600600000,Wayne,20,096,006,0,4,New Hope CCSD 6,62837,0
2009601400000,Wayne,20,096,014,0,4,Geff CCSD 14,62842,0
2009601700000,Wayne,20,096,017,0,4,Jasper CCSD 17,62837,0
2009610000000,Wayne,20,096,100,0,26,Wayne City CUSD 100,62895,0
2009611200000,Wayne,20,096,112,0,4,Fairfield PSD 112,62837,0
2009620000000,Wayne,20,096,200,0,26,North Wayne CUSD 200,62823,0
2009622500000,Wayne,20,096,225,0,16,Fairfield Comm H S Dist 225,62837,0
2009700100000,White,20,097,001,0,26,Grayville CUSD 1,62844,0
2009700300000,White,20,097,003,0,26,Norris City-Omaha-Enfield CUSD 3,62869,0
2009700500000,White,20,097,005,0,26,Carmi-White County CUSD 5,62821,0
2102804700000,Franklin,21,028,047,0,4,Benton CCSD 47,62812,0
2102809100000,Franklin,21,028,091,0,4,Akin CCSD 91,62890,0
2102809900000,Franklin,21,028,099,0,26,Christopher USD 99,62822,0
2102810300000,Franklin,21,028,103,0,13,Benton Cons HSD 103,62812,0
2102811500000,Franklin,21,028,115,0,4,Ewing Northern CCSD 115,62836,0
2102816800000,Franklin,21,028,168,0,26,Frankfort CUSD 168,62896,0
2102817400000,Franklin,21,028,174,0,26,Thompsonville CUSD 174,62890,0
2102818800000,Franklin,21,028,188,0,26,Zeigler-Royalton CUSD 188,62999,0
2102819600000,Franklin,21,028,196,0,26,Sesser-Valier CUSD 196,62884,0
2104400100000,Johnson,21,044,001,0,26,Goreville CUD 1,62939,0
2104403200000,Johnson,21,044,032,0,3,New Simpson Hill SD 32,62972,0
2104404300000,Johnson,21,044,043,0,3,Buncombe Cons SD 43,62912,0
2104405500000,Johnson,21,044,055,0,2,Vienna SD 55,62995,0
2104406400000,Johnson,21,044,064,0,2,Cypress SD 64,62923,0
2104413300000,Johnson,21,044,133,0,17,Vienna HSD 133,62995,0
2106100100000,Massac,21,061,001,0,26,Massac UD 1,62960,0
2106103800000,Massac,21,061,038,0,26,Joppa-Maple Grove UD 38,62953,0
2110000100000,Williamson,21,100,001,0,26,Johnston City CUSD 1,62951,0
2110000200000,Williamson,21,100,002,0,26,Marion CUSD 2,62959,0
2110000300000,Williamson,21,100,003,0,26,Crab Orchard CUSD 3,62959,0
2110000400000,Williamson,21,100,004,0,26,Herrin CUSD 4,62948,0
2110000500000,Williamson,21,100,005,0,26,Carterville CUSD 5,62918,0
2403200100000,Grundy,24,032,001,0,26,Coal City CUSD 1,60416,0
24032002C0000,Grundy,24,032,002,C,2,Mazon-Verona-Kinsman ESD 2C,60444,0
24032024C0000,Grundy,24,032,024,C,4,Nettle Creek CCSD 24C,60450,0
2403205400000,Grundy,24,032,054,0,2,Morris SD 54,60450,0
24032060C0000,Grundy,24,032,060,C,4,Saratoga CCSD 60C,60450,0
24032072C0000,Grundy,24,032,072,C,4,Gardner CCSD 72C,60424,0
2403207300000,Grundy,24,032,073,0,17,Gardner S Wilmington Twp HSD 73,60424,0
2403207400000,Grundy,24,032,074,0,3,South Wilmington CCSD 74,60474,0
2403207500000,Grundy,24,032,075,0,2,Braceville SD 75,60407,0
2403210100000,Grundy,24,032,101,0,16,Morris CHSD 101,60450,0
2403211100000,Grundy,24,032,111,0,16,Minooka CHSD 111,60410,0
2403220100000,Grundy,24,032,201,0,4,Minooka CCSD 201,60447,0
2404701800000,Kendall,24,047,018,0,16,Newark CHSD 18,60541,0
2404706600000,Kendall,24,047,066,0,4,Newark CCSD 66,60541,0
2404708800000,Kendall,24,047,088,0,26,Plano CUSD 88,60545,0
2404709000000,Kendall,24,047,090,0,4,Lisbon CCSD 90,60541,0
2404711500000,Kendall,24,047,115,0,26,Yorkville CUSD 115,60560,0
2404730800000,Kendall,24,047,308,0,26,CUSD 308,60543,0
2602900100000,Fulton,26,029,001,0,26,Astoria CUSD 1,61501,0
2602900200000,Fulton,26,029,002,0,26,V I T CUSD 2,61482,0
2602900300000,Fulton,26,029,003,0,26,CUSD 3 Fulton County,61427,0
2602900400000,Fulton,26,029,004,0,26,Spoon River Valley CUSD 4,61544,0
2602906600000,Fulton,26,029,066,0,25,Canton Union SD 66,61520,0
2602909700000,Fulton,26,029,097,0,26,Lewistown CUSD 97,61542,0
2603430700000,Hancock,26,034,307,0,16,Illini West H S Dist 307,62321,0
2603431600000,Hancock,26,034,316,0,26,Warsaw CUSD 316,62379,0
2603431700000,Hancock,26,034,317,0,4,Carthage ESD 317,62321,0
2603432500000,Hancock,26,034,325,0,26,Nauvoo-Colusa CUSD 325,62354,0
2603432700000,Hancock,26,034,327,0,4,Dallas ESD 327,62330,0
2603432800000,Hancock,26,034,328,0,24,Hamilton CCSD 328,62341,0
2603433700000,Hancock,26,034,337,0,26,Southeastern CUSD 337,62311,0
2603434700000,Hancock,26,034,347,0,4,La Harpe CSD 347,61450,0
2606210300000,McDonough,26,062,103,0,26,West Prairie CUSD 103,62326,0
2606217000000,McDonough,26,062,170,0,26,Bushnell Prairie City CUSD 170,61422,0
2606218500000,McDonough,26,062,185,0,26,Macomb CUSD 185,61455,0
2608500500000,Schuyler,26,085,005,0,26,Schuyler-Industry CUSD 5,62681,0
2800601700000,Bureau,28,006,017,0,4,Ohio CCSD 17,61349,0
2800608400000,Bureau,28,006,084,0,4,Malden CCSD 84,61337,0
2800609400000,Bureau,28,006,094,0,4,Ladd CCSD 94,61329,0
2800609800000,Bureau,28,006,098,0,2,Dalzell SD 98,61320,0
2800609900000,Bureau,28,006,099,0,4,Spring Valley CCSD 99,61362,0
2800610300000,Bureau,28,006,103,0,22,DePue USD 103,61322,0
2800611500000,Bureau,28,006,115,0,2,Princeton ESD 115,61356,0
2800630300000,Bureau,28,006,303,0,26,La Moille CUSD 303,61330,0
2800634000000,Bureau,28,006,340,0,26,Bureau Valley CUSD 340,61338,0
2800650000000,Bureau,28,006,500,0,15,Princeton HSD 500,61356,0
2800650200000,Bureau,28,006,502,0,17,Hall HSD 502,61362,0
2800650500000,Bureau,28,006,505,0,16,Ohio CHSD 505,61349,0
2803719000000,Henry,28,037,190,0,2,Colona SD 190,61241,0
2803722300000,Henry,28,037,223,0,26,Orion CUSD 223,61273,0
2803722400000,Henry,28,037,224,0,26,Galva CUSD 224,61434,0
2803722500000,Henry,28,037,225,0,26,AlWood CUSD 225,61490,0
2803722600000,Henry,28,037,226,0,26,Annawan CUSD 226,61234,0
2803722700000,Henry,28,037,227,0,26,Cambridge CUSD 227,61238,0
2803722800000,Henry,28,037,228,0,26,Geneseo CUSD 228,61254,0
2803722900000,Henry,28,037,229,0,26,Kewanee CUSD 229,61443,0
2803723000000,Henry,28,037,230,0,26,Wethersfield CUSD 230,61443,0
2808800100000,Stark,28,088,001,0,26,Bradford CUSD 1,61421,0
2808810000000,Stark,28,088,100,0,26,Stark County CUSD 100,61491,0
3000200100000,Alexander,30,002,001,0,22,Cairo USD 1,62914,0
3000200500000,Alexander,30,002,005,0,26,Egyptian CUSD 5,62988,0
3003908600000,Jackson,30,039,086,0,3,DeSoto Cons SD 86,62924,0
3003909500000,Jackson,30,039,095,0,2,Carbondale ESD 95,62902,0
3003913000000,Jackson,30,039,130,0,4,Giant City CCSD 130,62902,0
3003914000000,Jackson,30,039,140,0,4,Unity Point CCSD 140,62903,0
3003916500000,Jackson,30,039,165,0,16,Carbondale CHSD 165,62902,0
3003917600000,Jackson,30,039,176,0,26,Trico CUSD 176,62916,0
3003918600000,Jackson,30,039,186,0,26,Murphysboro CUSD 186,62966,0
3003919600000,Jackson,30,039,196,0,26,Elverado CUSD 196,62932,0
3007300500000,Perry,30,073,005,0,2,Tamaroa School Dist 5,62888,0
3007305000000,Perry,30,073,050,0,2,Pinckneyville SD 50,62274,0
3007310100000,Perry,30,073,101,0,16,Pinckneyville CHSD 101,62274,0
3007320400000,Perry,30,073,204,0,4,CCSD 204,62274,0
3007330000000,Perry,30,073,300,0,26,Du Quoin CUSD 300,62832,0
3007710000000,Pulaski,30,077,100,0,26,Century CUSD 100,62992,0
3007710100000,Pulaski,30,077,101,0,26,Meridian CUSD 101,62964,0
3009101600000,Union,30,091,016,0,4,Lick Creek CCSD 16,62912,0
3009101700000,Union,30,091,017,0,22,Cobden SUD 17,62920,0
3009103700000,Union,30,091,037,0,4,Anna CCSD 37,62906,0
3009104300000,Union,30,091,043,0,4,County of Union Sch Dist No43,62952,0
3009106600000,Union,30,091,066,0,22,Dongola USD 66,62926,0
3009108100000,Union,30,091,081,0,16,Anna Jonesboro CHSD 81,62906,0
3009108400000,Union,30,091,084,0,26,Shawnee CUSD 84,62998,0
3104504600000,Kane,31,045,046,0,22,SD U-46,60120,0
3104510100000,Kane,31,045,101,0,22,Batavia USD 101,60510,0
3104512900000,Kane,31,045,129,0,22,Aurora West USD 129,60506,0
3104513100000,Kane,31,045,131,0,22,Aurora East USD 131,60505,0
3104530000000,Kane,31,045,300,0,26,CUSD 300,60102,0
3104530100000,Kane,31,045,301,0,26,Central CUSD 301,60109,0
3104530200000,Kane,31,045,302,0,26,Kaneland CUSD 302,60151,0
3104530300000,Kane,31,045,303,0,26,St Charles CUSD 303,60174,0
3104530400000,Kane,31,045,304,0,26,Geneva CUSD 304,60134,0
3203800300000,Iroquois,32,038,003,0,26,Donovan CUSD 3,60931,0
3203800400000,Iroquois,32,038,004,0,26,Central CUSD 4,60911,0
3203800600000,Iroquois,32,038,006,0,26,Cissna Park CUSD 6,60924,0
3203800900000,Iroquois,32,038,009,0,26,Iroquois County CUSD 9,60970,0
3203801000000,Iroquois,32,038,010,0,26,Iroquois West CUSD 10,60938,0
3203812400000,Iroquois,32,038,124,0,26,Milford Area Public Schools District 124,60953,0
3203824900000,Iroquois,32,038,249,0,26,Crescent Iroquois CUSD 249,60928,0
3204600100000,Kankakee,32,046,001,0,26,Momence CUSD 1,60954,0
3204600200000,Kankakee,32,046,002,0,26,Herscher CUSD 2,60941,0
3204600500000,Kankakee,32,046,005,0,26,Manteno CUSD 5,60950,0
3204600600000,Kankakee,32,046,006,0,26,Grant Park CUSD 6,60940,0
3204605300000,Kankakee,32,046,053,0,2,Bourbonnais SD 53,60914,0
3204606100000,Kankakee,32,046,061,0,2,Bradley SD 61,60915,0
3204611100000,Kankakee,32,046,111,0,25,Kankakee SD 111,60901,0
3204625600000,Kankakee,32,046,256,0,4,St Anne CCSD 256,60964,0
3204625800000,Kankakee,32,046,258,0,4,St George CCSD 258,60914,0
3204625900000,Kankakee,32,046,259,0,4,Pembroke CCSD 259,60944,0
3204630200000,Kankakee,32,046,302,0,16,St Anne CHSD 302,60964,0
3204630700000,Kankakee,32,046,307,0,16,Bradley Bourbonnais CHSD 307,60915,0
3303623500000,Henderson,33,036,235,0,26,West Central CUSD 235,61418,0
3304820200000,Knox,33,048,202,0,26,Knoxville CUSD 202,61448,0
3304820500000,Knox,33,048,205,0,26,Galesburg CUSD 205,61402,0
3304820800000,Knox,33,048,208,0,26,R O W V A CUSD 208,61467,0
3304821000000,Knox,33,048,210,0,26,Williamsfield CUSD 210,61489,0
3304827600000,Knox,33,048,276,0,26,Abingdon-Avon CUSD 276,61410,0
3306640400000,Mercer,33,066,404,0,26,Mercer County School District 404,61231,0
3309423800000,Warren,33,094,238,0,26,Monmouth-Roseville CUSD 238,61462,0
3309430400000,Warren,33,094,304,0,26,United CUSD 304,61462,0
3404900100000,Lake,34,049,001,0,2,Winthrop Harbor SD 1,60096,0
3404900300000,Lake,34,049,003,0,4,Beach Park CCSD 3,60099,0
3404900600000,Lake,34,049,006,0,2,Zion ESD 6,60099,0
3404902400000,Lake,34,049,024,0,4,Millburn CCSD 24,60083,0
3404903300000,Lake,34,049,033,0,2,Emmons SD 33,60002,0
3404903400000,Lake,34,049,034,0,4,Antioch CCSD 34,60002,0
3404903600000,Lake,34,049,036,0,2,Grass Lake SD 36,60002,1
3404903700000,Lake,34,049,037,0,2,Gavin SD 37,60041,0
3404903800000,Lake,34,049,038,0,2,Big Hollow SD 38,60041,0
3404904100000,Lake,34,049,041,0,4,Lake Villa CCSD 41,60046,0
3404904600000,Lake,34,049,046,0,4,Grayslake CCSD 46,60030,0
3404905000000,Lake,34,049,050,0,4,Woodland CCSD 50,60031,0
3404905600000,Lake,34,049,056,0,2,Gurnee SD 56,60031,0
3404906000000,Lake,34,049,060,0,26,Waukegan CUSD 60,60085,0
3404906500000,Lake,34,049,065,0,2,Lake Bluff ESD 65,60044,1
3404906700000,Lake,34,049,067,0,5,Lake Forest SD 67,60045,1
3404906800000,Lake,34,049,068,0,2,Oak Grove SD 68 Green Oaks,60048,0
3404907000000,Lake,34,049,070,0,2,Libertyville SD 70,60048,0
3404907200000,Lake,34,049,072,0,2,Rondout SD 72,60045,0
3404907300000,Lake,34,049,073,0,4,Hawthorn CCSD 73,60061,0
3404907500000,Lake,34,049,075,0,2,Mundelein ESD 75,60060,0
3404907600000,Lake,34,049,076,0,2,Diamond Lake SD 76,60060,1
3404907900000,Lake,34,049,079,0,2,Fremont SD 79,60060,0
3404909500000,Lake,34,049,095,0,26,Lake Zurich CUSD 95,60047,0
3404909600000,Lake,34,049,096,0,4,Kildeer Countryside CCSD 96,60089,0
3404910200000,Lake,34,049,102,0,4,Aptakisic-Tripp CCSD 102,60089,0
3404910300000,Lake,34,049,103,0,2,Lincolnshire-Prairieview SD 103,60069,0
3404910600000,Lake,34,049,106,0,2,Bannockburn SD 106,60015,0
3404910900000,Lake,34,049,109,0,2,Deerfield SD 109,60015,0
3404911200000,Lake,34,049,112,0,2,North Shore SD 112,60035,0
3404911300000,Lake,34,049,113,0,17,Twp HSD 113,60035,1
3404911400000,Lake,34,049,114,0,2,Fox Lake GSD 114,60081,0
3404911500000,Lake,34,049,115,0,16,Lake Forest CHSD 115,60045,1
3404911600000,Lake,34,049,116,0,26,Round Lake CUSD 116,60073,0
3404911700000,Lake,34,049,117,0,16,CHSD 117,60046,0
3404911800000,Lake,34,049,118,0,26,Wauconda CUSD 118,60084,0
3404912000000,Lake,34,049,120,0,13,Mundelein Cons HSD 120,60060,0
3404912100000,Lake,34,049,121,0,17,Warren Twp HSD 121,60031,0
3404912400000,Lake,34,049,124,0,16,Grant CHSD 124,60020,0
3404912500000,Lake,34,049,125,0,13,Adlai E Stevenson HSD 125,60069,1
3404912600000,Lake,34,049,126,0,17,Zion-Benton Twp HSD 126,60099,0
3404912700000,Lake,34,049,127,0,16,Grayslake CHSD 127,60030,0
3404912800000,Lake,34,049,128,0,16,CHSD 128,60061,1
3404918700000,Lake,34,049,187,0,26,North Chicago SD 187,60064,0
3404922000000,Lake,34,049,220,0,26,Barrington CUSD 220,60010,1
3505000100000,La Salle,35,050,001,0,26,Leland CUSD 1,60531,0
3505000200000,La Salle,35,050,002,0,26,Serena CUSD 2,60549,0
3505000900000,La Salle,35,050,009,0,26,Earlville CUSD 9,60518,0
3505001750000,La Salle,35,050,017,5,4,Dimmick Community Consolidated SD #175,61301,0
3505004000000,La Salle,35,050,040,0,17,Streator Twp HSD 40,61364,0
3505004400000,La Salle,35,050,044,0,2,Streator ESD 44,61364,0
3505006500000,La Salle,35,050,065,0,4,Allen-Otter Creek CCSD 65,60470,0
3505007900000,La Salle,35,050,079,0,4,Tonica CCSD 79,61370,0
3505008200000,La Salle,35,050,082,0,4,Deer Park CCSD 82,61350,0
3505009500000,La Salle,35,050,095,0,4,Grand Ridge CCSD 95,61325,0
3505012000000,La Salle,35,050,120,0,17,La Salle-Peru Twp HSD 120,61301,0
3505012200000,La Salle,35,050,122,0,2,La Salle ESD 122,61301,0
3505012400000,La Salle,35,050,124,0,2,Peru ESD 124,61354,0
3505012500000,La Salle,35,050,125,0,2,Oglesby ESD 125,61348,0
3505014000000,La Salle,35,050,140,0,17,Ottawa Twp HSD 140,61350,0
3505014100000,La Salle,35,050,141,0,2,Ottawa ESD 141,61350,0
3505015000000,La Salle,35,050,150,0,2,Marseilles ESD 150,61341,0
3505016000000,La Salle,35,050,160,0,17,Seneca Twp HSD 160,61360,0
3505017000000,La Salle,35,050,170,0,4,Seneca CCSD 170,61360,0
3505018500000,La Salle,35,050,185,0,4,Waltham CCSD 185,61373,0
3505019500000,La Salle,35,050,195,0,4,Wallace CCSD 195,61350,0
3505021000000,La Salle,35,050,210,0,4,Miller Twp CCSD 210,61341,0
3505023000000,La Salle,35,050,230,0,4,Rutland CCSD 230,61350,0
3505028000000,La Salle,35,050,280,0,17,Mendota Twp HSD 280,61342,0
3505028900000,La Salle,35,050,289,0,4,Mendota CCSD 289,61342,0
3505042500000,La Salle,35,050,425,0,26,Lostant CUSD 425,61334,0
3505900500000,Marshall,35,059,005,0,26,Henry-Senachwine CUSD 5,61537,0
3505900700000,Marshall,35,059,007,0,26,Midland CUSD 7,61565,0
3507853500000,Putnam,35,078,535,0,26,Putnam County CUSD 535,61326,0
3905500100000,Macon,39,055,001,0,26,Argenta-Oreana CUSD 1,62501,0
3905500200000,Macon,39,055,002,0,26,Maroa Forsyth CUSD 2,62535,0
3905500300000,Macon,39,055,003,0,26,Mt Zion CUSD 3,62549,0
3905500900000,Macon,39,055,009,0,26,Sangamon Valley CUSD 9,62551,0
3905501100000,Macon,39,055,011,0,26,Warrensburg-Latham CUSD 11,62573,0
3905501500000,Macon,39,055,015,0,26,Meridian CUSD 15,62544,0
3905506100000,Macon,39,055,061,0,25,Decatur SD 61,62523,0
3907400500000,Piatt,39,074,005,0,26,Bement CUSD 5,61813,0
3907402500000,Piatt,39,074,025,0,26,Monticello CUSD 25,61856,0
3907405700000,Piatt,39,074,057,0,26,Deland-Weldon CUSD 57,61839,0
3907410000000,Piatt,39,074,100,0,26,Cerro Gordo CUSD 100,61818,0
4000704000000,Calhoun,40,007,040,0,26,Calhoun CUSD 40,62047,0
4000704200000,Calhoun,40,007,042,0,26,Brussels CUSD 42,62013,0
4003100100000,Greene,40,031,001,0,26,Carrollton CUSD 1,62016,0
4003100300000,Greene,40,031,003,0,26,North Greene CUSD 3,62092,0
4003101000000,Greene,40,031,010,0,26,Greenfield CUSD 10,62044,0
4004210000000,Jersey,40,042,100,0,26,Jersey CUSD 100,62052,0
4005600100000,Macoupin,40,056,001,0,26,Carlinville CUSD 1,62626,0
4005600200000,Macoupin,40,056,002,0,26,Northwestern CUSD 2,62674,0
4005600500000,Macoupin,40,056,005,0,26,Mount Olive CUSD 5,62069,0
4005600600000,Macoupin,40,056,006,0,26,Staunton CUSD 6,62088,0
4005600700000,Macoupin,40,056,007,0,26,Gillespie CUSD 7,62033,0
4005600800000,Macoupin,40,056,008,0,26,Bunker Hill CUSD 8,62014,0
4005600900000,Macoupin,40,056,009,0,26,Southwestern CUSD 9,62012,0
4005603400000,Macoupin,40,056,034,0,26,North Mac CUSD 34,62640,0
4105700100000,Madison,41,057,001,0,26,Roxana CUSD 1,62084,0
4105700200000,Madison,41,057,002,0,26,Triad CUSD 2,62294,0
4105700300000,Madison,41,057,003,0,26,Venice CUSD 3,62090,0
4105700500000,Madison,41,057,005,0,26,Highland CUSD 5,62249,0
4105700700000,Madison,41,057,007,0,26,Edwardsville CUSD 7,62025,0
4105700800000,Madison,41,057,008,0,26,Bethalto CUSD 8,62010,0
4105700900000,Madison,41,057,009,0,26,Granite City CUSD 9,62040,0
4105701000000,Madison,41,057,010,0,26,Collinsville CUSD 10,62234,0
4105701100000,Madison,41,057,011,0,26,Alton CUSD 11,62002,0
4105701200000,Madison,41,057,012,0,26,Madison CUSD 12,62060,0
4105701300000,Madison,41,057,013,0,2,East Alton SD 13,62024,0
4105701400000,Madison,41,057,014,0,16,East Alton-Wood River CHSD 14,62095,0
4105701500000,Madison,41,057,015,0,3,Wood River-Hartford ESD 15,62095,0
4406300200000,McHenry,44,063,002,0,3,Nippersink SD 2,60071,0
4406300300000,McHenry,44,063,003,0,3,Fox River Grove Cons SD 3,60021,0
4406301200000,McHenry,44,063,012,0,26,Johnsburg CUSD 12,60051,0
4406301500000,McHenry,44,063,015,0,4,McHenry CCSD 15,60050,0
4406301800000,McHenry,44,063,018,0,4,Riley CCSD 18,60152,0
4406301900000,McHenry,44,063,019,0,24,Alden Hebron SD 19,60034,0
4406302600000,McHenry,44,063,026,0,4,Cary CCSD 26,60013,0
4406303600000,McHenry,44,063,036,0,2,Harrison SD 36,60097,0
4406304600000,McHenry,44,063,046,0,3,Prairie Grove CSD 46,60014,0
4406304700000,McHenry,44,063,047,0,4,Crystal Lake CCSD 47,60014,0
4406305000000,McHenry,44,063,050,0,26,Harvard CUSD 50,60033,0
4406315400000,McHenry,44,063,154,0,16,Marengo CHSD 154,60152,0
4406315500000,McHenry,44,063,155,0,16,CHSD 155,60014,0
4406315600000,McHenry,44,063,156,0,16,McHenry CHSD 156,60050,0
4406315700000,McHenry,44,063,157,0,16,Richmond-Burton CHSD 157,60071,0
4406315800000,McHenry,44,063,158,0,22,Huntley Community School District 158,60102,0
4406316500000,McHenry,44,063,165,0,3,Marengo-Union E Cons D 165,60152,0
4406320000000,McHenry,44,063,200,0,26,Woodstock CUSD 200,60098,0
4506700300000,Monroe,45,067,003,0,26,Valmeyer CUSD 3,62295,0
4506700400000,Monroe,45,067,004,0,26,Columbia CUSD 4,62236,0
4506700500000,Monroe,45,067,005,0,26,Waterloo CUSD 5,62298,0
4507900100000,Randolph,45,079,001,0,22,Coulterville USD 1,62237,0
4507912200000,Randolph,45,079,122,0,19,Chester N HSD 122,62298,0
4507913200000,Randolph,45,079,132,0,26,Red Bud CUSD 132,62278,0
4507913400000,Randolph,45,079,134,0,4,Prairie Du Rocher CCSD 134,62277,0
4507913800000,Randolph,45,079,138,0,26,Steeleville CUSD 138,62288,0
4507913900000,Randolph,45,079,139,0,26,Chester CUSD 139,62233,0
4507914000000,Randolph,45,079,140,0,26,Sparta CUSD 140,62286,0
4705217000000,Lee,47,052,170,0,22,Dixon USD 170,61021,0
4705222000000,Lee,47,052,220,0,2,Steward ESD 220,60553,0
4705227100000,Lee,47,052,271,0,26,Paw Paw CUSD 271,61353,0
4705227200000,Lee,47,052,272,0,26,Amboy CUSD 272,61310,0
4705227500000,Lee,47,052,275,0,26,Ashton-Franklin Center CUSD 275,61006,0
4707114400000,Ogle,47,071,144,0,3,Kings Cons SD 144,61068,0
4707116100000,Ogle,47,071,161,0,4,Creston CCSD 161,60113,0
4707121200000,Ogle,47,071,212,0,17,Rochelle Twp HSD 212,61068,0
4707122000000,Ogle,47,071,220,0,26,Oregon CUSD 220,61061,0
4707122100000,Ogle,47,071,221,0,26,Forrestville Valley CUSD 221,61030,0
4707122200000,Ogle,47,071,222,0,26,Polo CUSD 222,61064,0
4707122300000,Ogle,47,071,223,0,26,Meridian CUSD 223,61084,0
4707122600000,Ogle,47,071,226,0,26,Byron CUSD 226,61010,0
4707123100000,Ogle,47,071,231,0,4,Rochelle CCSD 231,61068,0
4707126900000,Ogle,47,071,269,0,4,Eswood CCSD 269,61049,0
4709800100000,Whiteside,47,098,001,0,26,Erie CUSD 1,61250,0
4709800200000,Whiteside,47,098,002,0,26,River Bend CUSD 2,61252,0
4709800300000,Whiteside,47,098,003,0,26,Prophetstown-Lyndon-Tampico CUSD3,61277,0
4709800500000,Whiteside,47,098,005,0,26,Sterling CUSD 5,61081,0
4709800600000,Whiteside,47,098,006,0,26,Morrison CUSD 6,61270,0
4709801300000,Whiteside,47,098,013,0,2,Rock Falls ESD 13,61071,0
4709802000000,Whiteside,47,098,020,0,2,East Coloma - Nelson CESD 20,61071,0
4709814500000,Whiteside,47,098,145,0,4,Montmorency CCSD 145,61071,0
4709830100000,Whiteside,47,098,301,0,17,Rock Falls Twp HSD 301,61071,0
4807206200000,Peoria,48,072,062,0,2,Pleasant Valley SD 62,61604,0
4807206300000,Peoria,48,072,063,0,2,Norwood ESD 63,61604,0
4807206600000,Peoria,48,072,066,0,2,Bartonville SD 66,61607,0
4807206800000,Peoria,48,072,068,0,2,Oak Grove SD 68  Bartonville,61607,0
4807206900000,Peoria,48,072,069,0,2,Pleasant Hill SD 69,61605,0
4807207000000,Peoria,48,072,070,0,2,Monroe SD 70,61607,0
4807215000000,Peoria,48,072,150,0,25,Peoria SD 150,61603,0
4807226500000,Peoria,48,072,265,0,26,Farmington Central CUSD 265,61531,0
4807230900000,Peoria,48,072,309,0,26,Brimfield CUSD 309,61517,0
4807231000000,Peoria,48,072,310,0,16,Limestone CHSD 310,61607,0
4807231600000,Peoria,48,072,316,0,4,Limestone Walters CCSD 316,61607,0
4807232100000,Peoria,48,072,321,0,26,Il Valley Central USD 321,61523,0
4807232200000,Peoria,48,072,322,0,26,Elmwood CUSD 322,61529,0
4807232300000,Peoria,48,072,323,0,26,Dunlap CUSD 323,61614,0
4807232500000,Peoria,48,072,325,0,26,Peoria Heights CUSD 325,61616,0
4807232600000,Peoria,48,072,326,0,26,Princeville CUSD 326,61559,0
4807232700000,Peoria,48,072,327,0,26,Illini Bluffs CUSD 327,61533,0
4807232800000,Peoria,48,072,328,0,3,Hollis Cons SD 328,61607,0
4908102900000,Rock Island,49,081,029,0,2,Hampton SD 29,61256,0
4908103000000,Rock Island,49,081,030,0,17,United Twp HSD 30,61244,0
4908103400000,Rock Island,49,081,034,0,2,Silvis SD 34,61244,0
4908103600000,Rock Island,49,081,036,0,2,Carbon Cliff-Barstow SD 36,61282,0
4908103700000,Rock Island,49,081,037,0,2,East Moline SD 37,61244,0
4908104000000,Rock Island,49,081,040,0,22,Moline-Coal Valley CUSD 40,61265,0
4908104100000,Rock Island,49,081,041,0,25,Rock Island SD 41,61201,0
4908110000000,Rock Island,49,081,100,0,26,Riverdale CUSD 100,61275,0
4908120000000,Rock Island,49,081,200,0,26,Sherrard CUSD 200,61281,0
4908130000000,Rock Island,49,081,300,0,26,Rockridge CUSD 300,61284,0
5008200900000,Saint Clair,50,082,009,0,26,Lebanon CUSD 9,62254,0
5008201900000,Saint Clair,50,082,019,0,26,Mascoutah CUD 19,62258,0
5008203000000,Saint Clair,50,082,030,0,3,St Libory Cons SD 30,62282,0
5008204000000,Saint Clair,50,082,040,0,26,Marissa CUSD 40,62257,0
5008206000000,Saint Clair,50,082,060,0,26,New Athens CUSD 60,62264,0
5008207000000,Saint Clair,50,082,070,0,4,Freeburg CCSD 70,62243,0
5008207700000,Saint Clair,50,082,077,0,16,Freeburg CHSD 77,62243,0
5008208500000,Saint Clair,50,082,085,0,2,Shiloh Village SD 85,62269,0
5008209000000,Saint Clair,50,082,090,0,4,O Fallon CCSD 90,62269,0
5008210400000,Saint Clair,50,082,104,0,2,Central SD 104,62269,0
5008210500000,Saint Clair,50,082,105,0,2,Pontiac-W Holliday SD 105,62208,0
5008211000000,Saint Clair,50,082,110,0,4,Grant CCSD 110,62208,0
5008211300000,Saint Clair,50,082,113,0,2,Wolf Branch SD 113,62226,0
5008211500000,Saint Clair,50,082,115,0,2,Whiteside SD 115,62221,0
5008211600000,Saint Clair,50,082,116,0,2,High Mount SD 116,62226,0
5008211800000,Saint Clair,50,082,118,0,2,Belleville SD 118,62220,0
5008211900000,Saint Clair,50,082,119,0,2,Belle Valley SD 119,62220,0
5008213000000,Saint Clair,50,082,130,0,4,Smithton CCSD 130,62285,0
5008216000000,Saint Clair,50,082,160,0,4,Millstadt CCSD 160,62260,0
5008217500000,Saint Clair,50,082,175,0,2,Harmony Emge SD 175,62223,0
5008218100000,Saint Clair,50,082,181,0,2,Signal Hill SD 181,62223,0
5008218700000,Saint Clair,50,082,187,0,26,Cahokia CUSD 187,62206,0
5008218800000,Saint Clair,50,082,188,0,22,Brooklyn UD 188,62059,0
5008218900000,Saint Clair,50,082,189,0,22,East St Louis SD 189,62201,0
5008219600000,Saint Clair,50,082,196,0,26,Dupo CUSD 196,62239,0
5008220100000,Saint Clair,50,082,201,0,17,Belleville Twp HSD 201,62220,0
5008220300000,Saint Clair,50,082,203,0,17,O Fallon Twp HSD 203,62269,0
5106520000000,Menard,51,065,200,0,26,Greenview CUSD 200,62642,0
5106520200000,Menard,51,065,202,0,26,Porta CUSD 202,62675,0
5106521300000,Menard,51,065,213,0,26,Athens CUSD 213,62613,0
5108400100000,Sangamon,51,084,001,0,26,Tri City CUSD 1,62515,0
51084003A0000,Sangamon,51,084,003,A,26,Rochester CUSD 3A,62563,0
5108400500000,Sangamon,51,084,005,0,26,Ball Chatham CUSD 5,62629,0
5108400800000,Sangamon,51,084,008,0,26,Pleasant Plains CUSD 8,62677,0
5108401000000,Sangamon,51,084,010,0,26,Auburn CUSD 10,62615,0
5108401100000,Sangamon,51,084,011,0,26,Pawnee CUSD 11,62558,0
5108401400000,Sangamon,51,084,014,0,26,Riverton CUSD 14,62561,0
5108401500000,Sangamon,51,084,015,0,26,Williamsville CUSD 15,62693,0
5108401600000,Sangamon,51,084,016,0,26,New Berlin CUSD 16,62670,0
5108418600000,Sangamon,51,084,186,0,25,Springfield SD 186,62704,0
5306012600000,Mason,53,060,126,0,26,Havana CUSD 126,62644,0
5306018900000,Mason,53,060,189,0,26,Illini Central CUSD 189,62664,0
5306019100000,Mason,53,060,191,0,26,Midwest Central CUSD 191,61546,0
5309005000000,Tazewell,53,090,050,0,2,District 50 Schools,61571,0
5309005100000,Tazewell,53,090,051,0,2,Central SD 51,61571,0
5309005200000,Tazewell,53,090,052,0,2,Washington SD 52,61571,0
5309007600000,Tazewell,53,090,076,0,2,Creve Coeur SD 76,61610,0
5309008500000,Tazewell,53,090,085,0,2,Robein SD 85,61611,0
5309008600000,Tazewell,53,090,086,0,2,East Peoria SD 86,61611,0
5309009800000,Tazewell,53,090,098,0,2,Rankin CSD 98,61554,0
5309010200000,Tazewell,53,090,102,0,2,N Pekin & Marquette Hght SD 102,61554,0
5309010800000,Tazewell,53,090,108,0,2,Pekin PSD 108,61554,0
5309013700000,Tazewell,53,090,137,0,2,South Pekin SD 137,61564,0
5309030300000,Tazewell,53,090,303,0,16,Pekin CSD 303,61554,0
5309030800000,Tazewell,53,090,308,0,16,Washington CHSD 308,61571,0
5309030900000,Tazewell,53,090,309,0,16,East Peoria CHSD 309,61611,0
5309060600000,Tazewell,53,090,606,0,4,Spring Lake CCSD 606,61546,0
5309070100000,Tazewell,53,090,701,0,26,Deer Creek-Mackinaw CUSD 701,61755,0
5309070200000,Tazewell,53,090,702,0,26,Tremont CUSD 702,61568,0
5309070300000,Tazewell,53,090,703,0,26,Delavan CUSD 703,61734,0
5309070900000,Tazewell,53,090,709,0,26,Morton CUSD 709,61550,0
5310200100000,Woodford,53,102,001,0,4,Metamora CCSD 1,61548,0
5310200200000,Woodford,53,102,002,0,4,Riverview CCSD 2,61611,0
5310200600000,Woodford,53,102,006,0,26,Fieldcrest CUSD 6,61760,0
5310201100000,Woodford,53,102,011,0,26,El Paso-Gridley CUSD 11,61738,0
5310202100000,Woodford,53,102,021,0,26,Lowpoint-Washburn CUSD 21,61570,0
5310206000000,Woodford,53,102,060,0,26,Roanoke Benson CUSD 60,61561,0
5310206900000,Woodford,53,102,069,0,2,Germantown Hills SD 69,61548,0
5310212200000,Woodford,53,102,122,0,17,County of Woodford School,61548,0
5310214000000,Woodford,53,102,140,0,26,Eureka CUD 140,61530,0
5409200100000,Vermilion,54,092,001,0,26,Bismarck Henning CUSD,61814,0
5409200200000,Vermilion,54,092,002,0,26,Westville CUSD 2,61883,0
5409200400000,Vermilion,54,092,004,0,26,Georgetown-Ridge Farm CUD 4,61846,0
5409200700000,Vermilion,54,092,007,0,26,Rossville-Alvin CUSD 7,60963,0
5409201000000,Vermilion,54,092,010,0,26,Potomac CUSD 10,61865,0
5409201100000,Vermilion,54,092,011,0,26,Hoopeston Area CUSD 11,60942,0
5409206100000,Vermilion,54,092,061,0,3,Armstrong-Ellis Cons SD 61,61812,0
5409207600000,Vermilion,54,092,076,0,26,Oakwood CUSD 76,61858,0
5409211800000,Vermilion,54,092,118,0,24,Danville CCSD 118,61832,0
5409222500000,Vermilion,54,092,225,0,17,Armstrong Twp HSD 225,61812,0
5409251200000,Vermilion,54,092,512,0,26,Salt Fork Community Unit District  512,61817,0
5609901700000,Will,56,099,017,0,2,Channahon SD 17,60410,0
56099030C0000,Will,56,099,030,C,4,Troy CCSD 30C,60586,0
56099033C0000,Will,56,099,033,C,4,Homer CCSD 33C,60491,0
56099070C0000,Will,56,099,070,C,4,Laraway CCSD 70C,60433,0
5609908100000,Will,56,099,081,0,2,Union SD 81,60433,0
5609908400000,Will,56,099,084,0,2,Rockdale SD 84,60436,0
5609908600000,Will,56,099,086,0,5,Joliet PSD 86,60435,0
5609908800000,Will,56,099,088,0,2,Chaney-Monge SD 88,60403,0
56099088A0000,Will,56,099,088,A,2,Richland GSD 88A,60403,0
5609908900000,Will,56,099,089,0,2,Fairmont SD 89,60441,0
5609909000000,Will,56,099,090,0,2,Taft SD 90,60441,0
5609909100000,Will,56,099,091,0,2,Lockport SD 91,60441,0
5609909200000,Will,56,099,092,0,2,Will County SD 92,60441,0
5609911400000,Will,56,099,114,0,2,Manhattan SD 114,60442,0
5609912200000,Will,56,099,122,0,2,New Lenox SD 122,60451,0
56099157C0000,Will,56,099,157,C,4,Frankfort CCSD 157C,60423,0
5609915900000,Will,56,099,159,0,2,Mokena SD 159,60448,0
5609916100000,Will,56,099,161,0,2,Summit Hill SD 161,60423,0
56099200U0000,Will,56,099,200,U,26,Beecher CUSD 200U,60401,0
56099201U0000,Will,56,099,201,U,26,Crete Monee CUSD 201U,60417,0
5609920200000,Will,56,099,202,0,22,Plainfield SD 202,60544,0
5609920300000,Will,56,099,203,0,4,Elwood CCSD 203,60421,0
5609920400000,Will,56,099,204,0,17,Joliet Twp HSD 204,60436,0
5609920500000,Will,56,099,205,0,17,Lockport Twp HSD 205,60441,0
56099207U0000,Will,56,099,207,U,26,Peotone CUSD 207U,60468,0
56099209U0000,Will,56,099,209,U,26,Wilmington CUSD 209U,60481,0
5609921000000,Will,56,099,210,0,16,Lincoln Way CHSD 210,60451,0
56099255U0000,Will,56,099,255,U,26,Reed Custer CUSD 255U,60408,0
56099365U0000,Will,56,099,365,U,26,Valley View CUSD 365U,60446,0
